10;0;0;PT Premium;P WRITTN PREMIUM;;19970930 17:47:13.043;;1;1;2;0;1;0;1;1;0;1; 
10;0;1;Future Premium;FUTURE PRM;;20120630 00:00:00.000;;1;1;0;0;0;0;0;0;0;0; 
10;0;2;First Year Premium;First Year Premi;;20010406 00:00:00.000;;1;1;2;0;1;0;0;1;0;1; 
10;0;3;Single Premium;Single Premium;;20010406 00:00:00.000;;1;1;2;0;1;0;0;1;0;1; 
10;0;4;Experience Refund Paid;Exp Refund Paid;;20010406 00:00:00.000;;1;1;2;0;1;0;0;1;0;1; 
10;0;5;Supplemental Consideration with Life;Supp Cons w Life;;20010406 00:00:00.000;;1;1;2;0;1;0;0;1;0;1; 
10;0;6;Supplemental Consideration without Life;Sup C without Li;;20010406 00:00:00.000;;1;1;2;0;1;0;1;1;0;1; 
10;0;7;ZFY YRT Premium;ZFY YRT Prem;;20120412 00:00:00.000;;1;1;2;0;1;0;0;1;0;1; 
10;0;10;PT Advance Premium;P ADVANC PREMIUM;;19970930 17:47:13.380;;1;1;2;0;1;0;0;1;0;1; 
10;0;20;PT Return Premium;P  RETURNPREMIUM;;19970930 00:00:00.000;;1;1;2;0;1;0;0;1;0;1; 
10;0;71;Receivables DSC SII;RCVB SII;;20120630 00:00:00.000;;1;1;0;0;0;0;0;0;0;0; 
10;0;72;Receivables DSC GIM;RCVB GIM;;20120630 00:00:00.000;;1;1;0;0;0;0;0;0;0;0; 
10;0;73;Receivables DSC IFRS II;RCVB IFRS II;;20120630 00:00:00.000;;1;1;0;0;0;0;0;0;0;0; 
10;0;74;Receivables DSC EV;RCVB EV;;20120630 00:00:00.000;;1;1;0;0;0;0;0;0;0;0; 
10;0;75;Receivables DSC No5;RCVB No5;;20120630 00:00:00.000;;1;1;0;0;0;0;0;0;0;0; 
10;1;0;NPT Adjustment Premium;NP ADJUST PREM.;;19970930 17:47:13.983;;1;1;2;0;1;0;0;1;0;1; 
10;1;2;NPT Adjustment Premium 1st year;NP ADJ PREM 1ST;;20020221 00:00:00.000;;1;1;2;0;1;0;0;1;0;1; 
10;1;10;NPT Minimum Deposit Premium;NP MIN DEP PREM;;19970930 17:47:14.190;;1;1;2;0;1;0;0;1;0;1; 
10;1;20;NPT Reinstatement Premium;NP REINSTAT PREM;;19970930 17:47:14.373;;1;1;2;0;1;0;1;1;0;1; 
10;1;30;NPT Retrospective Rated Premium;NP BURN COST PRM;;19970930 17:47:14.583;;1;1;2;0;1;0;1;1;0;1; 
10;1;40;NPT Additional Premium;NP ADDIT PREMIUM;;19970930 17:47:14.776;;1;1;2;0;1;0;0;1;0;1; 
10;2;0;Ending Reinstatement Premium to be received on O/S losses reserv;END REINS P/OLR;;19970930 17:47:15.183;;1;1;2;0;1;0;0;0;0;0; 
10;2;10;Ending RRP to be received on O/S losses reserve;END RRP/OLR;;19970930 17:47:15.383;;1;1;2;0;1;0;0;0;0;0; 
10;2;20;Ending Reinstatement Premium to be received on Substition O/S lo;END REINS P/SOLR;;19970930 17:47:15.583;;1;1;2;0;1;0;0;0;0;0; 
10;2;30;Ending RRP to be received on Substition O/S losses reserve;END RRP/SOLR;;19970930 17:47:15.780;;1;1;2;0;1;0;0;0;0;0; 
10;2;40;Ending Reinstatement Premium to be received on ACR;END REINS P/ACR;;19970930 17:47:15.973;;1;1;2;0;1;0;0;0;0;0; 
10;2;50;Ending RRP to be received on ACR;END RRP/ACR;;19970930 17:47:16.176;;1;1;2;0;1;0;0;0;0;0; 
10;2;60;Ending Contribution to be received;END COTISAT;;20060512 00:00:00.000;;1;1;2;0;2;0;0;1;0;1; 
10;3;0;Begining Reinstatement Premium to be received on O/S losses rese;BEG REINS P/OLR;;19970930 17:47:16.586;;1;1;1;0;1;0;0;0;0;0; 
10;3;1;Begining Opening Balance Sheet Reinstatement Premium to be recei;BEGO REINS P/OLR;;19970930 17:47:16.773;;1;1;2;0;1;0;0;0;0;0; 
10;3;10;Begining RRP to be received on O/S losses reserve;BEG RRP/OLR;;19970930 17:47:16.993;;1;1;1;0;1;0;0;0;0;0; 
10;3;11;Begining Opening Balance Sheet RRP to be received on O/S losses;BEGO RRP/OLR;;19970930 17:47:17.176;;1;1;2;0;1;0;0;0;0;0; 
10;3;20;Begining Reinstatement Premium to be received on Substition O/S;BEG REINS P/SOLR;;19970930 17:47:17.390;;1;1;1;0;1;0;0;0;0;0; 
10;3;21;Begining Opening Balance Sheet Reinstatement Premium to be recei;BGO REINS P/SOLR;;19970930 17:47:17.580;;1;1;2;0;1;0;0;0;0;0; 
10;3;30;Begining RRP to be received on Substition O/S losses reserve;BEG RRP/SOLR;;19970930 17:47:17.776;;1;1;1;0;1;0;0;0;0;0; 
10;3;31;Begining Opening Balance Sheet RRP to be received on Substition;BEGO RRP/SOLR;;19970930 17:47:17.983;;1;1;2;0;1;0;0;0;0;0; 
10;3;40;Begining Reinstatement Premium to be received on ACR;BEG REINS P/ACR;;19970930 17:47:18.170;;1;1;1;0;1;0;0;0;0;0; 
10;3;41;Begining Opening Balance Sheet Reinstatement Premium to be recei;BEGO REINS P/ACR;;19970930 17:47:18.373;;1;1;2;0;1;0;0;0;0;0; 
10;3;50;Begining RRP to be received on ACR;BEG RRP/ACR;;19970930 17:47:18.580;;1;1;1;0;1;0;0;0;0;0; 
10;3;51;Begining Opening Balance Sheet RRP to be received on ACR;BEGO RRP/ACR;;19970930 17:47:18.790;;1;1;2;0;1;0;0;0;0;0; 
10;3;60;Begining Contribution to be received;BEG CONTRIB;;20060512 00:00:00.000;;1;1;2;0;2;0;0;1;0;1; 
10;4;0;FAC Premium;FAC PREMIUM;;19970930 17:47:19.373;;1;1;2;0;1;0;0;1;0;1; 
10;4;10;French Cat Nat Levy;FRENCH CAT NAT;;19970930 00:00:00.000;;1;1;2;0;1;0;0;0;0;0; 
10;5;0;Premium (Mutual);Premium (Mutual);;19990602 00:00:00.000;;1;1;2;0;1;0;0;1;0;1; 
10;5;10;Premium (Mutual) Réass. Administration cost;P Pre Rea Adm Cs;;19990610 00:00:00.000;;1;1;2;0;1;0;0;1;0;1; 
10;5;20;Premium (Mutual) Cedant  Administration cost;P Pre Ced Adm Cs;;19990610 00:00:00.000;;1;1;2;0;1;0;0;1;0;1; 
10;5;30;Premium (Mutual) Egalisation Fund;P Pre Egal Fund;;19990610 00:00:00.000;;1;1;2;0;1;0;0;1;0;1; 
10;6;0;Premium (Terrorism);Premium (Terror);;20031014 00:00:00.000;;1;1;2;0;1;0;0;1;0;1; 
10;7;0;ROJA Premium (Original );ROJA PREMIUM;;19970930 17:47:20.043;;1;1;1;0;1;0;0;1;0;1; 
10;7;10;ROJA Premium (Retro Treaty);ROJA PREM RETRO;;19970930 17:47:20.390;;1;1;2;0;1;1;1;1;0;1; 
10;7;20;Terrorism pool roja premium;GAREAT PREMIUM;;20020528 00:00:00.000;;1;1;1;0;1;0;0;1;0;1; 
10;8;0;Premium refund to policyholders;PREMIUM REFUND;;19970930 17:47:20.800;;1;1;1;0;1;0;0;1;0;1; 
10;9;0;Direct Premium;Direct Premium;;20050601 00:00:00.000;;1;1;0;0;0;0;0;0;0;0; 
11;0;0;Deferred Premium (Ending);END DEFERRED PRE;;19970930 17:47:21.193;;1;1;2;0;1;0;0;0;0;0; 
11;1;0;Deferred Premium (Begining);BEG DEFERRED PRE;;19970930 17:47:21.573;;1;1;1;0;1;0;0;0;0;0; 
12;0;0;Commission;COMMISSIONS;;19970930 17:47:22.173;;1;1;1;0;1;0;1;1;0;1; 
12;0;1;Future Charges;FUTURE CHRG;;20120630 00:00:00.000;;1;1;0;0;0;0;0;0;0;0; 
12;0;2;First Year Commission;First year Com;;20010406 00:00:00.000;;1;1;1;0;1;0;1;1;0;1; 
12;0;3;Single Commission;Single Com;;20010406 00:00:00.000;;1;1;1;0;1;0;1;1;0;1; 
12;0;4;ZFY YRT Commission;ZFY YRT Com;;20120412 00:00:00.000;;1;1;1;0;1;0;0;1;0;1; 
12;0;10;Additional Commission;ADDIT AL COM.;;19970930 17:47:22.376;;1;1;1;0;1;0;1;1;0;1; 
12;0;20;Provisional Sliding Scale Commission;PROV SLI SCA COM;;19970930 17:47:22.580;;1;1;1;0;1;0;1;1;0;1; 
12;0;30;Adjustment Sliding Scale Commission;ADJU SLI SCA COM;;19970930 17:47:22.780;;1;1;1;0;1;0;1;1;0;1; 
12;0;40;Acquisition Commission;ACQUISITION COMM;;19970930 17:47:22.993;;1;1;1;0;1;0;1;1;0;1; 
12;0;50;GST on commission;GST;;20020129 00:00:00.000;;1;1;0;0;0;0;0;0;0;0; 
12;0;60;Direct Commission;Direct commissio;;20050601 00:00:00.000;;1;1;0;0;0;0;0;0;0;0; 
12;1;0;Overriding Commission (Original );OVERRID COMM;;19970930 17:47:23.380;;1;1;1;0;1;0;1;1;0;1; 
12;1;1;TM/DM Commissions;TM / DM COMM;;20120413 00:00:00.000;;1;1;1;0;1;0;0;1;0;1; 
12;1;2;First Year Overriding Commission;First Year Ov Co;;20010406 00:00:00.000;;1;1;1;0;1;0;1;1;0;1; 
12;1;3;Single Overriding Commission;Single Over Com;;20010406 00:00:00.000;;1;1;1;0;1;0;1;1;0;1; 
12;1;4;Overriding Commission TMDM;Over Com TMDM;;20120725 00:00:00.000;;1;1;1;0;1;0;0;1;0;0; 
12;1;10;Overriding Commission (Retro Treaty);RETRO OVERRI COM;;19970930 17:47:23.573;;1;1;1;0;1;1;1;1;0;1; 
12;1;20;Subsidiary Retro Overriding Commission (not retroceded);SUBS.OVER. COM.;;19970930 17:47:23.793;;1;1;1;0;1;0;1;1;0;1; 
12;2;0;Premium Tax;TAXES;;19970930 17:47:24.173;;1;1;1;0;1;0;1;1;0;1; 
12;2;10;Fire Tax - FBC/FBF;FIRE TAX-FBC-FBF;;19970930 17:47:24.380;;1;1;1;0;1;0;0;0;0;0; 
12;2;20;IPT UK; IPT UK;;19970930 00:00:00.000;;1;1;1;0;1;0;0;0;0;0; 
12;2;22;Belgian IPT;BELGIAN IPT;;20010223 00:00:00.000;;1;1;0;0;0;0;0;0;0;0; 
12;2;23;French IPT;FRENCH IPT;;20010223 00:00:00.000;;1;1;0;0;0;0;0;0;0;0; 
12;2;24;Germany IPT;GERMANY IPT;;20010223 00:00:00.000;;1;1;0;0;0;0;0;0;0;0; 
12;2;25;Netherlands IPT;NETHERLANDS IPT;;20010223 00:00:00.000;;1;1;0;0;0;0;0;0;0;0; 
12;2;26;Spain IPT;SPAIN IPT;;20010301 00:00:00.000;;1;1;0;0;0;0;0;0;0;0; 
12;2;27;Italy IPT;ITLY IPT;;20020213 00:00:00.000;;1;1;0;0;0;0;0;0;0;0; 
12;2;28;Portugal IPT;PORTUGAL IPT;;20020213 00:00:00.000;;1;1;0;0;0;0;0;0;0;0; 
12;2;29;Candian IPT;CANADA IPT;;20080225 00:00:00.000;;1;1;0;0;0;0;0;0;0;0; 
12;2;30;Irish Levy;IRISH LEVY;;19970930 17:47:24.773;;1;1;1;0;1;0;0;0;0;0; 
12;2;32;Austria IPT;AUSTRIA IPT;;20020213 00:00:00.000;;1;1;0;0;0;0;0;0;0;0; 
12;2;33;Finland IPT;FINLAND IPT;;20020213 00:00:00.000;;1;1;0;0;0;0;0;0;0;0; 
12;2;34;Greece IPT;GREECE IPT;;20020213 00:00:00.000;;1;1;0;0;0;0;0;0;0;0; 
12;2;35;Iceland IPT;ICELAND IPT;;20020213 00:00:00.000;;1;1;0;0;0;0;0;0;0;0; 
12;2;36;Luxembourg IPT;LUXEMBOURG IPT;;20020213 00:00:00.000;;1;1;0;0;0;0;0;0;0;0; 
12;2;37;Danish IPT;DANISH IPT;;20030429 00:00:00.000;;1;1;0;0;0;0;0;0;0;0; 
12;2;38;Slovenia IPT;SLOVENIA IPT;;20070523 00:00:00.000;;1;1;0;0;0;0;0;0;0;0; 
12;2;39;Cyprus IPT;CYPRUS IPT;;20070523 00:00:00.000;;1;1;0;0;0;0;0;0;0;0; 
12;2;40;Stamp duty;STAMP DUTY;;19970930 17:47:24.970;;1;1;1;0;1;0;0;1;0;1; 
12;2;42;Bulgarian IPT;Bulgarian IPT;;20100604 00:00:00.000;;1;1;0;0;0;0;0;0;0;0; 
12;2;43;Malta IPT;Malta IPT;;20101117 00:00:00.000;;1;1;0;0;0;0;0;0;0;0; 
12;2;44;Czech Republick IPT;Czech Rep IPT;;20121003 00:00:00.000;;1;1;0;0;0;0;0;0;0;0; 
12;2;45;Estonia IPT;Estonia IPT;;20121003 00:00:00.000;;1;1;0;0;0;0;0;0;0;0; 
12;2;46;Hungary IPT;Hungary IPT;;20121003 00:00:00.000;;1;1;0;0;0;0;0;0;0;0; 
12;2;47;Latvia IPT;Latvia IPT;;20121003 00:00:00.000;;1;1;0;0;0;0;0;0;0;0; 
12;2;48;Liechtenstein IPT;Liechtenstein IP;;20121003 00:00:00.000;;1;1;0;0;0;0;0;0;0;0; 
12;2;49;Lithuania IPT;Lithuania IPT;;20121003 00:00:00.000;;1;1;0;0;0;0;0;0;0;0; 
12;2;50;AID Tax;AIDS TAX;;19970930 17:47:25.173;;1;1;1;0;1;0;0;1;0;1; 
12;2;52;Norway IPT;Norway IPT;;20121003 00:00:00.000;;1;1;0;0;0;0;0;0;0;0; 
12;2;53;Poland IPT;Poland IPT;;20121003 00:00:00.000;;1;1;0;0;0;0;0;0;0;0; 
12;2;54;Romania IPT;Romania IPT;;20121003 00:00:00.000;;1;1;0;0;0;0;0;0;0;0; 
12;2;55;Slovakia IPT;Slovakia IPT;;20121003 00:00:00.000;;1;1;0;0;0;0;0;0;0;0; 
12;2;56;Sweden IPT;Sweden IPT;;20121003 00:00:00.000;;1;1;0;0;0;0;0;0;0;0; 
12;2;60;Direct Taxes;Direct taxes;;20050601 00:00:00.000;;1;1;0;0;0;0;0;0;0;0; 
12;2;70;Levy Taxes;Levy Taxes;;20100719 00:00:00.000;;1;1;1;0;1;0;0;1;0;1; 
12;3;0;Fees (FAC);FEES FAC;;19970930 17:47:25.583;;1;1;1;0;1;0;0;0;0;0; 
12;4;0;Commission de Financement;Comm Financt;;20030416 00:00:00.000;;1;1;1;0;1;0;0;1;0;1; 
12;5;0;closing cions on contribution;clos cions/cont;;20060512 00:00:00.000;;1;1;1;0;2;0;0;1;0;1; 
12;6;0;opening cions on contribution;clo cions/cont;;20060512 00:00:00.000;;1;1;1;0;2;0;0;1;0;1; 
13;0;0;F.E.T;F.E.T.;;19970930 17:47:25.973;;1;1;1;0;1;0;0;1;0;1; 
14;0;0;Brokerage;BROKERAGE;;19970930 17:47:26.386;;1;1;1;0;1;0;0;1;0;1; 
14;0;2;First Year Brokerage;First Year Brok;;20010406 00:00:00.000;;1;1;1;0;1;0;0;1;0;1; 
14;0;3;Single Brokerage;Single Brokerage;;20010406 00:00:00.000;;1;1;1;0;1;0;0;1;0;1; 
14;0;10;Reinstatement Premium Brokerage;REINST PR BROKER;;19970930 17:47:26.786;;1;1;1;0;1;0;0;1;0;1; 
14;1;0;Const Courtage ŕ payer sur prime de rec. ou BC;END BROKERA/RRP;;19971013 09:14:09.613;;1;1;1;0;1;0;0;0;0;0; 
14;2;0;Lib. Courtage ŕ payer sur prime de rec. ou BC;BEG BROKERA/RRP;;19971013 09:17:25.870;;1;1;2;0;1;0;0;0;0;0; 
14;2;1;Lib.Ouverture. Courtage ŕ payer sur prime de rec. ou BC;BEGO BROKER/RRP;;19980325 00:00:00.000;;1;1;2;0;1;0;0;0;0;0; 
14;3;0;Financement Brokerage;Financt Brok;;20030416 00:00:00.000;;1;1;1;0;1;0;0;1;0;1; 
14;3;2;Financement brokerage (1);Financt brok (1);;20120725 00:00:00.000;;1;1;1;0;1;0;0;1;0;1; 
15;0;0;Treaty/Fac Profit Commission;PROFIT COMM;;19970930 17:47:27.170;;1;1;1;0;1;0;0;1;0;1; 
15;0;10;Treaty/Fac Loss Commission;LOSS COMM;;19970930 17:47:27.596;;1;1;1;0;1;0;0;1;0;1; 
15;0;20;Treaty Super Profit Commission;SUPER PROFIT COM;;19970930 17:47:27.773;;1;1;1;0;1;0;0;1;0;1; 
15;0;30;Original treaty Profit Commission;ORIG PROFIT COMM;;19970930 17:47:28.176;;1;1;1;0;1;0;0;1;0;1; 
15;0;40;Retro Treaty Profit Commission;RETRO PROFIT COM;;19970930 17:47:28.373;;1;1;1;0;1;1;1;1;0;1; 
15;0;50;TNP No Claim Bonus;NP NO CLM BONUS;;19970930 17:47:28.620;;1;1;1;0;1;0;0;1;0;1; 
15;0;60;FAC No Claim Bonus;FAC NO CLM BONUS;;19970930 17:47:28.996;;1;1;1;0;1;0;0;1;0;1; 
15;0;70;Subsidiary Profit Commission (not retroceded);SUBS PROFIT  COM;;19980424 00:00:00.000;;1;1;1;0;1;0;0;1;0;1; 
15;0;80;Contingent Commission Direct;CONTING COM DIRE;;20060321 00:00:00.000;;1;1;0;0;0;0;0;0;0;0; 
15;1;0;Other charges (underwriting and catastrophe funds);U/W & CAT FUND;;19970930 17:47:29.400;;1;1;1;0;1;0;0;1;0;1; 
15;1;10;Other charges treaty/Fac;OTHER CHARGES;;19970930 17:47:29.576;;1;1;1;0;1;0;0;1;0;1; 
15;1;20;Modco Reserve Adjustement;Modco Res Adj;;20010406 00:00:00.000;;1;1;1;0;1;0;0;1;0;1; 
15;1;30;Modco Reserve Released;Modco Res Rel;;20010406 00:00:00.000;;1;1;1;0;1;0;0;1;0;1; 
20;0;0;Paid Claims;PAID CLAIMS;;19970930 17:47:30.576;;1;1;1;0;1;0;0;1;0;1; 
20;0;2;Death benefits Paid-Annuities;Death benefits-P;;20010406 00:00:00.000;;1;1;1;0;1;0;0;1;0;1; 
20;0;3;ModCo Reserves;ModCo Res;;20120723 00:00:00.000;;1;1;1;0;1;0;0;1;0;1; 
20;0;4;Modco Reserves IC;Modco Res IC;;20120820 00:00:00.000;;1;1;1;0;1;0;0;1;0;1; 
20;0;5;Modco Reserves GAAP Adjustement;Modco GAAP Adj;;20130327 00:00:00.000;;1;1;1;0;1;0;0;1;0;1; 
20;0;10;Annuity;ANNUITY;;19970930 17:47:30.990;;1;1;1;30;1;0;0;1;0;1; 
20;0;12;Payments on Supplemental Consideration with Life;Paym with Life;;20010406 00:00:00.000;;1;1;1;30;1;0;0;1;0;1; 
20;0;13;Payments on Supplemental Consideration without Life;Paym without Lif;;20010406 00:00:00.000;;1;1;1;30;1;0;0;1;0;1; 
20;0;20;Paid Maturities;PAID MATURITIES;;19970930 17:47:31.176;;1;1;1;30;1;0;0;1;0;1; 
20;0;30;Paid Benefits;PAID BENEFITS;;19970930 17:47:31.386;;1;1;1;0;1;0;0;1;0;1; 
20;0;32;Premium Waivers;Prem Waivers;;20010406 00:00:00.000;;1;1;1;0;1;0;0;1;0;1; 
20;0;33;Policyholder Dividens Paid;Poli Div Paid;;20010406 00:00:00.000;;1;1;1;0;1;0;0;1;0;1; 
20;0;34;Conversion Costs;Conversion Costs;;20120905 00:00:00.000;;1;1;1;0;1;0;0;1;0;1; 
20;0;40;Received Recoveries;RECOVERIES REC.;;19970930 17:47:31.580;;1;1;1;0;1;0;0;1;0;1; 
20;0;50;Expenses;EXPENSES;;19970930 17:47:31.783;;1;1;1;0;1;0;0;1;0;1; 
20;0;52;Paid ULAE;Paid ULAE;;20050518 00:00:00.000;;1;1;1;0;1;0;0;0;0;0; 
20;0;53;Direct paid;Direct paid;;20050601 00:00:00.000;;1;1;0;0;0;0;0;0;0;0; 
20;0;54;SCOR LAE;SCOR LAE;;20090921 00:00:00.000;;1;1;0;0;0;0;0;0;0;0; 
20;0;60;Interest;INTEREST;;19970930 17:47:31.980;;1;1;1;0;1;0;0;1;0;1; 
20;0;70;Loss Corridor (PT);LOSS CORRIDOR;;19970930 17:47:32.173;;1;1;1;0;1;0;0;1;0;1; 
20;0;80;Surrenders;SURRENDERS;;19970930 17:47:32.383;;1;1;1;30;1;0;0;1;0;1; 
20;0;82;Surrenders UL;SURRENDERS UL;;20121024 00:00:00.000;;1;1;1;30;1;0;0;1;0;1; 
20;0;90;Surrenders - Outgoing Premium Portfolio;SURRENDERS OPP;;19970930 17:47:32.576;;1;1;1;30;1;0;0;1;0;1; 
20;5;0;Claims Critical Illness;Claims Crit Ill;;20080201 00:00:00.000;;1;1;1;0;1;0;0;1;0;1; 
20;6;0;Claims Terrorism;Claims Terrorism;;20031015 00:00:00.000;;1;1;0;0;0;0;0;0;0;0; 
20;7;0;ROJA Claims (Original);ROJA CLAIMS;;19970930 17:47:32.976;;1;1;1;0;1;0;0;1;0;1; 
20;7;10;ROJA Claims (Retro Treaty);RETRO ROJA CLAIM;;19970930 17:47:33.180;;1;1;2;0;1;1;1;1;0;1; 
20;7;20;GAREAT Claims;GAREAT CLAIMS;;20020528 00:00:00.000;;1;1;1;0;1;0;0;1;0;1; 
20;9;0;US CLA/Paid Loss pre98;US CLA/Paid Loss;;20001124 00:00:00.000;;1;1;1;0;1;0;0;1;0;1; 
20;9;10;Direct paid;Direct paid;;20050601 00:00:00.000;;1;1;0;0;0;0;0;0;0;0; 
20;9;20;SP do not use;SP do not use;;20090318 00:00:00.000;;1;1;0;0;0;0;0;0;0;0; 
30;0;0;Incoming Premium Portfolio (Original );GROSS IPP;;19970930 17:47:33.576;;1;1;2;0;1;0;0;1;0;1; 
30;0;10;Incoming Premium Portfolio (internal conversion);IPP INT CONVERS.;;19970930 17:47:33.973;;1;1;2;0;1;0;0;1;0;1; 
30;0;80;Incoming Premium Portfolio (Acquisition);IPP ACQUISITION;;20010910 00:00:00.000;;1;1;2;0;1;0;0;1;0;1; 
30;0;90;Incoming Premium Portfolio (From Subsidiary Transfer);IPP SUBSID TRANS;;20040722 00:00:00.000;;1;1;2;0;1;0;0;1;0;1; 
30;1;0;Outgoing Premium Portfolio (Original );GROSS OPP;;19970930 17:47:34.576;;1;1;1;0;1;0;0;1;0;1; 
30;1;10;Outgoing Premium Portfolio (internal conversion);OPP INT CONVERS.;;19970930 17:47:34.976;;1;1;1;0;1;0;0;1;0;1; 
30;1;90;Outgoing Premium Portfolio ( Transfert Subsidiary);OPP Transf SUBS;;20090330 00:00:00.000;;1;1;1;0;1;0;0;1;0;1; 
31;0;0;Incoming Premium Portfolio Commission;IPP COM;;19970930 17:47:35.570;;1;1;1;0;1;0;0;1;0;1; 
31;0;10;Outgoing Premium Portfolio Commission;OPP COM;;19970930 17:47:35.980;;1;1;1;0;1;0;0;1;0;1; 
31;0;20;Incoming Premium Portfolio Commission (internal conversion);IPP COM INT CONV;;19970930 17:47:36.390;;1;1;1;0;1;0;0;1;0;1; 
31;0;30;Outgoing Premium Portfolio Commission (internal conversion);OPP COM INT CONV;;19970930 17:47:36.783;;1;1;1;0;1;0;0;1;0;1; 
31;0;80;Outgoing Premium Portfolio Commission ( Transfert Subsidiary);OPP COM Tr SUBS;;20090330 00:00:00.000;;1;1;2;0;1;0;0;1;0;1; 
31;0;82;Outgoing Portfolio IFRS Commission ( Transfert Subsidiary);OPP IFRSCOM SUBS;;20100202 00:00:00.000;;1;1;2;0;1;0;0;1;0;1; 
31;0;90;Incoming Premium Portfolio Commission (From Subsidiary Transfert;IPP COM Subs Tra;;20040722 00:00:00.000;;1;1;1;0;1;0;0;1;0;1; 
31;0;92;Inoming Portfolio IFRS Commission ( Transfert Subsidiary);IPP IFRSCOM SUBS;;20100202 00:00:00.000;;1;1;1;0;1;0;0;1;0;1; 
31;1;0;Incoming Premium Portfolio Overriding Commission;IPP OVERRID COMM;;19970930 17:47:37.573;;1;1;1;0;1;0;0;1;0;1; 
31;1;10;Outgoing Premium Portfolio Overriding Commission;OPP OVERRID COMM;;19970930 17:47:37.976;;1;1;2;0;1;0;0;1;0;1; 
31;2;0;Incoming Premium portfolio Taxes;IPP TAXES;;19970930 17:47:38.790;;1;1;1;0;1;0;0;1;0;1; 
31;2;10;Outgoing Premium Portfolio Taxes;OPP TAXES;;19970930 17:47:39.186;;1;1;2;0;1;0;0;1;0;1; 
31;3;0;Incoming Premium Portfolio Brokerage;IPP BROKERAGE;;19970930 17:47:40.000;;1;1;1;0;1;0;1;1;0;1; 
31;3;10;Outgoing Premium Portfolio Brokerage;OPP BROKERAGE;;19970930 17:47:40.386;;1;1;2;0;1;0;1;1;0;1; 
32;0;0;Incoming Claim Portfolio  (Sum Insured) (Original );ICP;;19970930 17:47:40.990;;1;1;2;0;1;0;0;1;0;1; 
32;0;10;Incoming Claim Portfolio (Sum Insured) (internal conversion);ICP INT CONVERS.;;19970930 17:47:41.380;;1;1;2;0;1;0;0;1;0;1; 
32;0;20;Incoming Claim Annuities Portfolio;INC ANNUITY PORT;;19970930 17:47:41.576;;1;1;2;0;1;0;0;1;0;1; 
32;0;30;Incoming IBNR Portfolio (internal purpose);INC IBNR PORT;;19970930 17:47:41.976;;1;1;2;0;1;0;0;1;0;1; 
32;0;70;Incoming IBNR Portfolio (Acquisition);IN IBNR PORT ACQ;;20010910 00:00:00.000;;1;1;2;0;1;0;0;1;0;1; 
32;0;80;Incoming Claim Portfolio (Acquisition);ICP ACQUISITION;;20010910 00:00:00.000;;1;1;2;0;1;0;0;1;0;1; 
32;0;90;Incoming Claim Portfolio (From Susidiary Transfer);ICP SUBSI TRANSF;;19990927 00:00:00.000;;1;1;2;0;1;0;0;1;0;1; 
32;1;0;Outgoing Claim Portfolio  (Sum Insured) (Original treaty);OCP;;19970930 17:47:42.780;;1;1;1;0;1;0;0;1;0;1; 
32;1;10;Outgoing Claim Portfolio (Sum Insured) (internal conversion );OCP INT CONVERS.;;19970930 17:47:43.183;;1;1;1;0;1;0;0;1;0;1; 
32;1;20;Outgoing Claim Annuities Portfolio;OUT ANNUITY PORT;;19970930 17:47:43.373;;1;1;1;0;1;0;0;1;0;1; 
32;1;30;Outgoing IBNR Portfolio (internal purpose);OUT IBNR PORT;;19970930 17:47:43.796;;1;1;1;0;1;0;0;1;0;1; 
32;1;90;Outgoing Claim Portfolio  Transfert Subsidiary;OCP Transf SUBS;;20090330 00:00:00.000;;1;1;1;0;1;0;0;1;0;1; 
40;0;0;Ending Life Actuary Reserves - Zillmerized;END LAR ZILL;;19970930 17:47:44.596;;1;1;1;30;3;0;0;1;1;1; 
40;0;10;Ending Life Actuary Reserves - Not Zillmerized;END LAR NOT ZILL;;19970930 17:47:44.973;;1;1;1;30;3;0;0;1;1;1; 
40;0;12;Ending Policyhol Benefit Reserve-Deficiency Res G&S;End Policyholder;;20010406 00:00:00.000;;1;1;1;30;3;0;0;1;1;1; 
40;0;13;Ending Policyhol Benefit Reserve-Suppl Contr with Life;End Policyholder;;20010406 00:00:00.000;;1;1;1;30;3;0;0;1;1;1; 
40;0;14;Ending Policyhol Benefit Res-Suppl Contr without Life;End Policyholder;;20010406 00:00:00.000;;1;1;1;30;3;0;0;1;1;1; 
40;0;15;Ending Policyhol Benefit Reserve-GAAP Reserves;End Policyholder;;20010406 00:00:00.000;;1;1;1;30;3;0;0;1;1;1; 
40;0;16;Ending policyhol Benefit Reserve-Suppl Contr with Life GAAP Adj;End Policyholder;;20010904 00:00:00.000;;1;1;1;30;3;0;0;1;1;1; 
40;0;17;Ending policyhol Benefit Res-Suppl Contr without Life GAAP Adj;End Policyholder;;20010904 00:00:00.000;;1;1;1;30;3;0;0;1;1;1; 
40;0;20;Ending Contract Actuary Reserve in Account Units;END LAR ACC UNIT;;19970930 17:47:45.183;;1;1;1;30;3;0;0;1;1;1; 
40;0;30;Ending Egalisation fund;END EGALIS FUND;;19970930 17:47:45.390;;1;1;1;0;3;0;0;1;1;1; 
40;0;40;Ending Stability Funds;END STABIL FUND;;19970930 17:47:45.583;;1;1;1;0;3;0;0;1;1;1; 
40;1;0;Begining Life Actuary Reserves - Zillmerized;BEG LAR ZILL;;19970930 17:47:46.000;;1;1;2;30;3;0;0;1;0;1; 
40;1;1;Begining Life Actuary Reserves- Zill BEGO;BEG LAR ZILL BEG;;20080213 00:00:00.000;;1;1;2;30;3;0;0;1;0;1; 
40;1;10;Begining Life Actuary Reserves - Not Zillmerized;BEG LAR NOT ZILL;;19970930 17:47:46.396;;1;1;2;30;3;0;0;1;0;1; 
40;1;11;Begining Life Actuary Reserves - Not Zill BEGO;BEG  NOT Z BEGO;;20030612 00:00:00.000;;1;1;2;30;3;0;0;1;0;1; 
40;1;12;Begining Policyh Benefit Reserve-Deficiency Reserve;Beg Benefit-Res;;20010406 00:00:00.000;;1;1;2;30;3;0;0;1;0;1; 
40;1;13;Begining Policyh Benefit Reserve-Suppl Contr with Life;Beg Benefit-Res;;20010406 00:00:00.000;;1;1;2;30;3;0;0;1;0;1; 
40;1;14;Begining Policyh Benefit Res-Suppl Contr without Life;Beg Benefit-Res;;20010406 00:00:00.000;;1;1;2;30;3;0;0;1;0;1; 
40;1;15;Begining Policyh Benefit Res-GAAP Reserves;Beg Benefit-Res;;20010406 00:00:00.000;;1;1;2;30;3;0;0;1;0;1; 
40;1;16;Begining policyh Benefit Res-Supply Contr with Life GAAP Adjust;Beg Benefit-Res;;20010904 00:00:00.000;;1;1;2;30;3;0;0;1;0;1; 
40;1;17;Begining policyh Benefit Res-Supply Contr without Life GAAP Adj;Beg Benefit-Res;;20010904 00:00:00.000;;1;1;2;30;3;0;0;1;0;1; 
40;1;20;Begining Contract Actuary Reserve in Account Units;BEG LAR ACC UNIT;;19970930 17:47:46.573;;1;1;2;30;3;0;0;1;0;1; 
40;1;30;Begining Egalisation fund;BEG EGALIS FUND;;19970930 17:47:46.796;;1;1;2;0;3;0;0;1;0;1; 
40;1;40;Begining Stability Funds;BEG STABIL FUND;;19970930 17:47:46.980;;1;1;2;0;3;0;0;1;0;1; 
41;0;0;Ending Unearned Premium Reserve;END UPR;;19970930 17:47:47.373;;1;1;1;0;3;0;0;1;1;1; 
41;0;10;Ending Increased Risks Reserves (STAT);END INC RISK STA;;19970930 00:00:00.000;;1;1;1;31;3;0;0;1;1;1; 
41;0;11;Ending Increased Risks Reserves (ADJUST IFRS);END INC RISK IFR;;20080313 00:00:00.000;;1;1;1;31;3;0;0;1;1;1; 
41;0;12;Ending Deferred Premium Reserve;END DEF PREM RES;;20011112 00:00:00.000;;1;1;1;0;3;0;0;1;1;1; 
41;0;13;Ending Due Premium Reserve;END DUE PREM RES;;20020701 00:00:00.000;;1;1;1;0;3;0;0;1;1;1; 
41;0;14;Direct UPR;Direct UPR;;20050601 00:00:00.000;;1;1;0;0;0;0;0;0;0;0; 
41;1;0;Begining Unearned Premium Reserve;BEG UPR;;19970930 17:47:48.390;;1;1;2;0;3;0;0;1;0;1; 
41;1;1;Begining Opening Balance Sheet Unearned Premium Reserve;BEGO UPR;;19970930 17:47:48.790;;1;1;2;0;3;0;0;1;0;1; 
41;1;10;Begining Increased Risks Reserves (STAT);BEG INC RIS STAT;;19970930 00:00:00.000;;1;1;2;31;3;0;0;1;0;1; 
41;1;11;Begining Increased Risks Reserves (Adjust IFRS);BEG INC RIS IFRS;;20080313 00:00:00.000;;1;1;2;31;3;0;0;1;0;1; 
41;1;12;Begining Deferred Premium Reserves;BEG DEF PREM RES;;20011112 00:00:00.000;;1;1;2;0;3;0;0;1;0;1; 
41;1;13;Begining Due Premium Reserves;BEG DUE PREM RES;;20020701 00:00:00.000;;1;1;2;0;3;0;0;1;0;1; 
41;2;0;Advance Premium Reserves (Ending);Advance Premium;;20011016 00:00:00.000;;1;1;1;0;3;0;0;1;1;1; 
41;3;0;Advance Premium Reserves (Begining);Advance Premium;;20011016 00:00:00.000;;1;1;2;0;3;0;0;1;0;1; 
41;4;0;Premium Reserves décennales (Ending);Premium Res déce;;20040113 00:00:00.000;;1;1;0;0;0;0;0;0;0;0; 
41;5;0;Premium Reserves décennales  (Begining);Premium Res déce;;20040113 00:00:00.000;;1;1;0;0;0;0;0;0;0;0; 
41;6;1;Premium Reserves DSC SII;PR RES DSC SII;;20120630 00:00:00.000;;1;1;0;0;0;0;0;0;0;0; 
41;6;2;Premium Reserves DSC GIM;PR RES DSC GIM;;20120630 00:00:00.000;;1;1;0;0;0;0;0;0;0;0; 
41;6;3;Premium Reserves DSC IFRS II;PR RES DSC IFRS;;20120630 00:00:00.000;;1;1;0;0;0;0;0;0;0;0; 
41;6;4;Premium Reserves DSC EV;PR RES DSC EV;;20120630 00:00:00.000;;1;1;0;0;0;0;0;0;0;0; 
41;6;5;Premium Reserves DSC No5;PR RES DSC No5;;20120630 00:00:00.000;;1;1;0;0;0;0;0;0;0;0; 
41;6;11;Premium Res BDT SII;PR RES BDT SII;;20120630 00:00:00.000;;1;1;0;0;0;0;0;0;0;0; 
41;6;12;Premium Res BDT GIM;PR RES BDT GIM;;20120630 00:00:00.000;;1;1;0;0;0;0;0;0;0;0; 
41;6;13;Premium Res BDT IFRS II;PR RES BDT IFRS;;20120630 00:00:00.000;;1;1;0;0;0;0;0;0;0;0; 
41;6;14;Premium Res BDT EV;PR RES BDT EV;;20120630 00:00:00.000;;1;1;0;0;0;0;0;0;0;0; 
41;6;15;Premium Res BDT No5;PR RES BDT No5;;20120630 00:00:00.000;;1;1;0;0;0;0;0;0;0;0; 
41;8;0;Ending Premium Refund Reserves;END PREM REF RES;;19970930 17:47:49.603;;1;1;1;0;3;0;0;1;0;1; 
41;9;0;Begining Premium Refund Reserves;BEG PREM REF RES;;19970930 17:47:49.973;;1;1;2;0;3;0;0;1;0;1; 
41;9;1;Begining Opening Balance Sheet Premium Refund Reserves;BEGO PRE REF RES;;19970930 17:47:50.190;;1;1;2;0;3;0;0;0;0;0; 
42;0;0;Ending O/S Losses Reserve (Sum Insured);END OLR;;19970930 17:47:50.590;;1;1;1;0;3;0;0;1;1;1; 
42;0;2;Ending O/S Reserve for Reseisted Claim;End O/S Reserve;;20010406 00:00:00.000;;1;1;1;0;3;0;0;1;1;1; 
42;0;10;Ending Annuity Reserve (Annuity Sum Insured);END ANNUITY RES;;19970930 17:47:50.990;;1;1;1;0;3;0;0;1;1;1; 
42;0;20;Ending Actuary Reserves for Benefits;END ACT RES BEN;;19970930 17:47:51.383;;1;1;1;0;3;0;0;1;1;1; 
42;0;30;Ending Actuary Reserves for Annuity;END ACT RES ANN;;19970930 17:47:51.576;;1;1;1;30;3;0;0;1;1;1; 
42;0;40;Ending Reserves for Recoveries on O/S Losses;END RE RECO/OLR;;19970930 17:47:51.773;;1;1;1;0;3;0;0;1;1;1; 
42;0;50;Ending Claims Expenses Reserves;END CLM EXP RES;;19970930 17:47:52.176;;1;1;1;0;3;0;0;1;1;1; 
42;0;52;Direct OS Expenses;Direct OS Expens;;20050601 00:00:00.000;;1;1;0;0;0;0;0;0;0;0; 
42;0;60;Ending Interest on Claims Reserves;END INT/CLM RES;;19970930 17:47:52.576;;1;1;1;0;3;0;0;1;1;1; 
42;0;80;Ending Substitution Recoveries Reserves;END SUB RECO OLR;;19990419 00:00:00.000;;1;1;1;0;3;0;0;0;0;0; 
42;0;90;Ending Substitution O/S Losses Reserves;END SUBSTIT OLR;;19970930 17:47:52.776;;1;1;1;0;3;0;0;0;0;0; 
42;0;92;Direct OS;Direct OS;;20050601 00:00:00.000;;1;1;0;0;0;0;0;0;0;0; 
42;1;0;Begining O/S Losses Reserve (Sum Insured);BEG OLR;;19970930 17:47:53.593;;1;1;2;0;3;0;0;1;0;1; 
42;1;1;Begining Opening Balance Sheet O/S Losses Reserve (Sum Insured);BEGO OLR;;19970930 17:47:54.016;;1;1;2;0;3;0;0;1;0;1; 
42;1;2;Begining o/s Reserve for Resisted Claim;Beg O/S Reserve;;20010406 00:00:00.000;;1;1;2;0;3;0;0;1;0;1; 
42;1;10;Begining Annuity Reserve;BEG ANNUITY RES;;19970930 17:47:54.393;;1;1;2;0;3;0;0;1;0;1; 
42;1;11;Begining Opening Balance Sheet Annuity Reserve;BEGO ANNUITY RES;;19970930 17:47:54.803;;1;1;2;0;3;0;0;1;0;1; 
42;1;20;Begining Actuary Reserves for Benefits;BEG ACT RES BEN;;19970930 17:47:55.170;;1;1;2;0;3;0;0;1;0;1; 
42;1;30;Begining Actuary Reserves for Annuity;BEG ACT RES ANN;;19970930 17:47:55.373;;1;1;2;30;3;0;0;1;0;1; 
42;1;40;Begining Reserves for Recoveries on O/S Losses;BEG RE RECO/OLR;;19970930 17:47:55.590;;1;1;2;0;3;0;0;1;0;1; 
42;1;41;Begining Opening Balance Sheet Reserves for Recoveries on O/S Lo;BEGO RE RECO/OLR;;19970930 17:47:55.990;;1;1;2;0;3;0;0;0;0;0; 
42;1;50;Begining Claims Expenses Reserves;BEG CLM EXP RES;;19970930 17:47:56.373;;1;1;2;0;3;0;0;1;0;1; 
42;1;51;Begining Opening Balance Sheet Claims Expenses Reserves;BEGO CLM EXP RES;;19970930 17:47:56.776;;1;1;2;0;3;0;0;1;0;1; 
42;1;60;Begining Reserves for Interest on Claims;BEG INT/CLM RES;;19970930 17:47:57.196;;1;1;2;0;3;0;0;1;0;1; 
42;1;61;Begining Opening Balance Sheet Reserves for Interest on Claims;BEGO INT/CLM RES;;19970930 17:47:57.583;;1;1;2;0;3;0;0;0;0;0; 
42;1;80;Beginning Substitution Recoveries Reserves;BEG SUB RECO OLR;;19990419 00:00:00.000;;1;1;2;0;3;0;0;0;0;0; 
42;1;81;Beginning Opening Balance Sheet Substitution Recoveries Reserves;BEGO SUB REC OLR;;19990419 00:00:00.000;;1;1;2;0;3;0;0;0;0;0; 
42;1;90;Begining Substitution O/S Losses Reserves;BEG SUBSTIT OLR;;19970930 17:47:57.973;;1;1;2;0;3;0;0;0;0;0; 
42;1;91;Begining Opening Balance Sheet Substitution O/S Losses Reserves;BEGO SUBSTIT OLR;;19970930 17:47:58.410;;1;1;2;0;3;0;0;0;0;0; 
42;3;0;Ending SNEM Reserves;END SNEM;;19970930 17:47:59.186;;1;1;1;0;3;0;0;0;0;0; 
42;3;10;Ending SNEM Reserves (Adjustment);END SNEM ADJUST;;19980611 00:00:00.000;;1;1;0;0;0;0;0;0;0;0; 
42;4;0;Begining SNEM Reserves;BEG SNEM;;19970930 17:47:59.983;;1;1;2;0;3;0;0;0;0;0; 
42;4;1;Begining Opening Balance Sheet SNEM Reserves;BEGO SNEM;;19981130 00:00:00.000;;1;1;0;0;0;0;0;0;0;0; 
42;4;10;Begining SNEM Reserves (Adjustment);BEG SNEM ADJUST;;19980611 00:00:00.000;;1;1;0;0;0;0;0;0;0;0; 
42;4;11;Begining Opening Balance Sheet SNEM Reserves(adjustment);BEGO SNEM ADJUST;;19981130 00:00:00.000;;1;1;0;0;0;0;0;0;0;0; 
42;6;1;Claim Reserves DSC SII;CL RES DSC SII;;20120630 00:00:00.000;;1;1;0;0;0;0;0;0;0;0; 
42;6;2;Claim Reserves DSC GIM;CL RES DSC GIM;;20120630 00:00:00.000;;1;1;0;0;0;0;0;0;0;0; 
42;6;3;Claim Reserves DSC IFRS II;CL RES DSC IFRS;;20120630 00:00:00.000;;1;1;0;0;0;0;0;0;0;0; 
42;6;4;Claim Reserves DSC EV;CL RES DSC EV;;20120630 00:00:00.000;;1;1;0;0;0;0;0;0;0;0; 
42;6;5;Claim Reserves DSC No5;CL RES DSC No5;;20120630 00:00:00.000;;1;1;0;0;0;0;0;0;0;0; 
42;6;11;Claim Reserves BDT SII;CL RES BDT SII;;20120630 00:00:00.000;;1;1;0;0;0;0;0;0;0;0; 
42;6;12;Claim Reserves BDT GIM;CL RES BDT GIM;;20120630 00:00:00.000;;1;1;0;0;0;0;0;0;0;0; 
42;6;13;Claim Reserves BDT IFRS II;CL RES BDT IFRS;;20120630 00:00:00.000;;1;1;0;0;0;0;0;0;0;0; 
42;6;14;Claim Reserves BDT EV;CL RES BDT EV;;20120630 00:00:00.000;;1;1;0;0;0;0;0;0;0;0; 
42;6;15;Claim Reserves BDT No5;CL RES BDT No5;;20120630 00:00:00.000;;1;1;0;0;0;0;0;0;0;0; 
42;7;0;Ending ROJA Claim Reserves;END ROJA OLR;;19970930 17:48:00.383;;1;1;1;0;3;0;0;1;1;1; 
42;7;90;Ending Substitution ROJA Claim Reserves;END SUB ROJA OLR;;19990419 00:00:00.000;;1;1;1;0;3;0;0;0;0;0; 
42;8;0;Begining ROJA Claim Reserves;BEG ROJA OLR;;19970930 17:48:01.176;;1;1;2;0;3;0;0;1;0;1; 
42;8;1;Begining Opening Balance Sheet ROJA Claim Reserves;BEGO ROJA OLR;;19970930 17:48:01.610;;1;1;2;0;3;0;0;1;0;1; 
42;8;90;Beginning Substitution ROJA Claim Reserves;BEG SUB ROJA OLR;;19990419 00:00:00.000;;1;1;2;0;3;0;0;0;0;0; 
42;8;91;Beginning Opening Balance Sheet Substitution ROJA Claim Reserves;BEGO SUB ROJ OLR;;19990419 00:00:00.000;;1;1;2;0;3;0;0;0;0;0; 
43;0;0;Ending Deferred Acquisition Costs;END DAC;;19970930 17:48:02.373;;1;1;2;0;3;0;0;1;1;1; 
43;0;2;Ending Agent Commissions Due/Acr;END COM;;20011016 00:00:00.000;;1;1;0;0;0;0;0;0;0;0; 
43;0;3;xx;xx;;20120725 00:00:00.000;;1;1;0;0;0;0;0;0;0;0; 
43;0;10;Ending DAC - Non Life Direct;END DAC DIRECT;;20060321 00:00:00.000;;1;1;0;0;0;0;0;0;0;0; 
43;1;0;Begining Deferred Acquisition Costs;BEG DAC;;19970930 17:48:03.380;;1;1;1;0;3;0;0;1;0;1; 
43;1;1;Begining Opening Balance Sheet Deferred Acquisition Costs;BEGO DAC;;19970930 17:48:03.980;;1;1;1;0;3;0;0;0;0;0; 
43;1;2;Begining Agent commissions Due/Acr;BEG COM;;20011016 00:00:00.000;;1;1;0;0;0;0;0;0;0;0; 
43;2;0;VOBA - (Ending);VOBA - (Ending);;20071120 00:00:00.000;;1;1;2;0;3;0;0;1;1;1; 
43;3;0;Ending Deferred Acquisition Costs;END LIFE DAC;;19970930 17:48:04.770;;1;1;2;0;3;0;0;1;1;1; 
43;3;2;Ending Agent Commissions Due/Acr;END LIFE COM;;20011016 00:00:00.000;;1;1;0;0;0;0;0;0;0;0; 
43;3;3;REGULAR DAC;REG DAC;;20120725 00:00:00.000;;1;1;2;0;3;0;0;1;1;1; 
43;3;4;TMDM DAC;TMDM DAC;;20120725 00:00:00.000;;1;1;2;0;3;0;0;1;1;1; 
43;3;40;ESSAI_502;ESSAI_502;19001231 00:00:00.000;19001231 00:00:00.000;;1;1;0;0;0;0;0;0;0;0; 
43;4;0;Begining Deferred Acquisition Costs;BEG LIFE DAC;;19970930 17:48:05.373;;1;1;1;0;3;0;0;1;0;1; 
43;4;2;Begining Agent Commissions Due/Acr;BEG LIFE COM;;20011016 00:00:00.000;;1;1;0;0;0;0;0;0;0;0; 
43;5;0;VOBA - (Begining);VOBA - (Begining;;20071120 00:00:00.000;;1;1;1;0;3;0;0;1;0;1; 
43;6;0;Ending DAC - Brokerage;END BROKER DAC;;19970930 17:48:06.183;;1;1;1;0;3;0;0;1;1;1; 
43;7;0;Begining DAC - Brokerage;BEG BROKER DAC;;19970930 17:48:06.976;;1;1;2;0;3;0;0;1;0;1; 
43;7;1;Begining Opening Balance Sheet  DAC - Brokerage;BEGO BROKER DAC;;19970930 17:48:07.590;;1;1;1;0;3;0;0;0;0;0; 
43;8;0;CNA Ajust CONSO (Ending);CNA CONSO Ending;;20030416 00:00:00.000;;1;1;2;0;3;0;0;1;1;1; 
43;8;50;IFRS DAC AMORT (Ending);IFRS DAC AMORT E;;20100224 00:00:00.000;;1;1;2;0;3;0;0;1;1;1; 
43;9;0;CNA Ajust CONSO (Begining);CNA CONSO Begin;;20030416 00:00:00.000;;1;1;1;0;3;0;0;1;0;1; 
44;0;0;Ending Cedent IBNR;END CED IBNR;;19970930 17:48:08.383;;1;1;1;0;3;0;0;1;1;1; 
44;1;0;Begining Cedent IBNR;BEG CED IBNR;;19970930 17:48:09.176;;1;1;2;0;3;0;0;1;0;1; 
44;1;1;Begining Opening Balance Sheet Cedent IBNR;BEGO CED IBNR;;19970930 17:48:09.580;;1;1;2;0;3;0;0;0;0;0; 
45;0;0;Ending Treaty Profit Commission Reserves (Assumed);END PC RES;;19970930 17:48:10.396;;1;1;1;0;3;0;0;1;1;1; 
45;0;10;Ending Original treaty Profit Commission Reserves;END ORIG PC RES;;19970930 17:48:10.773;;1;1;1;0;3;0;0;1;1;1; 
45;0;20;Ending Treaty Profit Commission Reserves(Retro);END RETRO PC RES;;19970930 17:48:11.183;;1;1;1;0;3;1;0;1;1;1; 
45;1;0;Begining Treaty Profit Commission Reserves (Assumed);BEG PC RES;;19970930 17:48:11.593;;1;1;2;0;3;0;0;1;0;1; 
45;1;1;Begining Opening Balance Sheet Profit Commission Reserves;BEGO PC RES;;20000426 00:00:00.000;;1;1;2;0;3;0;0;0;0;0; 
45;1;10;Begining Original treaty Profit Commission Reserves;BEG ORIG PC RES;;19970930 17:48:11.980;;1;1;2;0;3;0;0;1;0;1; 
45;1;20;Begining Treaty Profit Commission Reserves (Retro);BEG RETRO PC RES;;19970930 17:48:12.403;;1;1;2;0;3;1;0;1;0;1; 
46;0;0;Ending Equalisation Reserves;END EQUAL RES;;19970930 17:48:12.983;;1;1;1;0;3;0;0;1;1;1; 
46;0;2;Ending Equalisation Reserve German Gaap;End Eq R Germ Gp;;20110620 00:00:00.000;;1;1;0;0;0;0;0;0;0;0; 
46;0;10;Ending Claim Handling Cost Reserves;END CL COST RES;;19970930 17:48:13.170;;1;1;1;0;3;0;0;0;0;0; 
46;0;20;Ending Unexpired Risk Reserve;END UNEX RIS RES;;19970930 17:48:13.396;;1;1;1;0;3;0;0;1;1;1; 
46;0;30;Ending Experience Refund Reserve;End Exp Refund R;;20010406 00:00:00.000;;1;1;1;0;3;0;0;1;1;1; 
46;0;40;Ending SubStandard Reserves (STAT only);End SbS R (STAT);;20120510 00:00:00.000;;1;1;1;0;3;0;0;0;0;0; 
46;0;50;Ending Exp Refund Reserve (IFRS only);End ExpRR (IFRS);;20120510 00:00:00.000;;1;1;1;0;3;0;0;1;1;1; 
46;1;0;Begining Equalisation Reserves;BEG EQUAL RES;;19970930 17:48:14.173;;1;1;2;0;3;0;0;1;0;1; 
46;1;2;Begining Equalisation Reserve German Gaap;Beg Eq R Germ Gp;;20110620 00:00:00.000;;1;1;0;0;0;0;0;0;0;0; 
46;1;10;Begining Claim Handling Cost Reserves;BEG CL COST RES;;19970930 17:48:14.406;;1;1;2;0;3;0;0;0;0;0; 
46;1;20;Begining Unexpired Risk Reserve;BEG UNEX RIS RES;;19970930 17:48:14.596;;1;1;2;0;3;0;0;1;0;1; 
46;1;30;Begining Experience Refund Reserve;Beg Exp Refund R;;20010406 00:00:00.000;;1;1;2;0;3;0;0;1;0;1; 
46;1;40;Beginning SubStandard Reserves (STAT only);Beg SbS R (STAT);;20120510 00:00:00.000;;1;1;0;0;0;0;0;0;0;0; 
46;1;50;Beginning Exp Refund Reserves (IFRS only);Beg ExpRR (IFRS);;20120510 00:00:00.000;;1;1;2;0;3;0;0;1;0;1; 
48;0;0;Ending Claim ACR;END ACR;;19970930 17:48:15.373;;1;1;1;0;3;0;0;0;0;0; 
48;0;10;Ending Recoveries ACR;END RECOV. ACR;;19970930 17:48:15.773;;1;1;1;0;3;0;0;0;0;0; 
48;0;20;Ending Claims Expenses ACR;END CLM EXP ACR;;19990511 00:00:00.000;;1;1;1;0;3;0;0;0;0;0; 
48;1;0;Begining Claim ACR;BEG ACR;;19970930 17:48:16.583;;1;1;2;0;3;0;0;0;0;0; 
48;1;1;Begining Opening Balance Sheet Claim ACR;BEGO ACR;;19970930 17:48:16.980;;1;1;2;0;3;0;0;0;0;0; 
48;1;10;Begining Recoveries ACR;BEG RECOV. ACR;;19970930 17:48:17.383;;1;1;2;0;3;0;0;0;0;0; 
48;1;11;Begining Opening Balance Sheet Recoveries ACR;BEGO RECOV. ACR;;19970930 17:48:17.770;;1;1;2;0;3;0;0;0;0;0; 
48;1;20;Beginning Claims Expenses ACR;BEG CLM EXP ACR;;19990511 00:00:00.000;;1;1;2;0;3;0;0;0;0;0; 
48;1;21;Beginning Opening Balance Sheet Claims Expenses ACR;BEGO CLM EXP ACR;;19990511 00:00:00.000;;1;1;2;0;3;0;0;0;0;0; 
48;7;0;Ending ROJA ACR;END ROJA ACR;;19970930 17:48:18.600;;1;1;1;0;3;0;0;0;0;0; 
48;8;0;Begining ROJA ACR;BEG ROJA ACR;;19970930 17:48:19.383;;1;1;1;0;3;0;0;0;0;0; 
48;8;1;Begining Opening Balance Sheet ROJA ACR;BEGO ROJA ACR;;19970930 17:48:19.773;;1;1;1;0;3;0;0;0;0;0; 
49;0;0;Ending Actuary Reserves - AR;END LAR AR;;19970930 17:48:20.580;;1;1;1;0;3;0;0;1;1;1; 
49;0;10;Ending Contract Actuary Reserve in Account Units - AR;END AC UT LAR AR;;19970930 17:48:20.780;;1;1;1;0;3;0;0;1;1;1; 
49;0;20;Ending Policyholder Benefit Reserve-GAAP Res-AR;End Benfit Reser;;20010406 00:00:00.000;;1;1;1;0;3;0;0;1;1;1; 
49;1;0;Begining Actuary Reserves - AR;BEG LAR AR;;19970930 17:48:21.183;;1;1;2;0;3;0;0;1;0;1; 
49;1;10;Begining Contract Actuary Reserve in Account Units - AR;BEG AC UT LAR AR;;19970930 17:48:21.386;;1;1;2;0;3;0;0;1;0;1; 
49;1;20;Begining Policyholder Benefit Reserve-GAAP Res-AR;Beg Benefit-Rese;;20010406 00:00:00.000;;1;1;2;0;3;0;0;1;0;1; 
49;2;0;Ending Unearned Premium Reserve - AR;END UPR AR;;19970930 17:48:21.780;;1;1;1;0;3;0;0;1;1;1; 
49;2;10;Ending Deferred Acquisition Costs - AR;END DAC AR;;19970930 17:48:21.983;;1;1;1;0;3;0;0;1;1;1; 
49;2;20;Ending Reserves for Increased Risks - AR;END INCR RISK AR;;19970930 17:48:22.176;;1;1;1;0;3;0;0;1;1;1; 
49;3;0;Begining Unearned Premium Reserve - AR;BEG UPR AR;;19970930 17:48:22.573;;1;1;2;0;3;0;0;1;0;1; 
49;3;10;Begining Deferred Acquisition Costs - AR;BEG DAC AR;;19970930 17:48:22.783;;1;1;2;0;3;0;0;1;0;1; 
49;3;20;Begining Reserves for Increased Risks - AR;BEG INCR RISK AR;;19970930 17:48:22.973;;1;1;2;0;3;0;0;1;0;1; 
49;4;0;Ending SCOR IBNR # 1A (Conversion of cedent O/S Loss Reserve);END SCOR IBNR1A;;19970930 00:00:00.000;;1;1;1;0;3;0;0;1;1;1; 
49;4;5;Ending SCOR IBNR # 1B (Conversion of uncomplete Paid Claims);END SCOR IBNR1B;;19981008 00:00:00.000;;1;1;1;0;3;0;0;0;0;0; 
49;4;10;Ending SCOR IBNR # 2;END SCOR IBNR2;;19970930 17:48:23.776;;1;1;1;0;3;0;0;1;1;1; 
49;4;12;Ending SCOR IBNR # 2 GAAP Adj;END  IBNR 2 GAAP;;20010904 00:00:00.000;;1;1;1;0;3;0;0;1;1;1; 
49;4;13;Ending SCOR IBNR (discount);END SCOR IBNRD;;20030519 00:00:00.000;;1;1;0;0;0;0;0;0;0;0; 
49;4;14;Direct IBNR;Direct IBNR;;20050601 00:00:00.000;;1;1;0;0;0;0;0;0;0;0; 
49;4;20;Ending ROJA Claims Reserves -AR (Original treaty);END ROJA OLR AR;;19970930 17:48:24.176;;1;1;1;0;3;0;0;1;1;1; 
49;4;30;Future Claims;FUTURE CLAIM;;20120630 00:00:00.000;;1;1;0;0;0;0;0;0;0;0; 
49;4;51;Risk Margin;Risk Margin;;20120630 00:00:00.000;;1;1;0;0;0;0;0;0;0;0; 
49;4;52;Risk Margin;Risk Margin;;20120630 00:00:00.000;;1;1;0;0;0;0;0;0;0;0; 
49;4;53;Risk Margin;Risk Margin;;20120630 00:00:00.000;;1;1;0;0;0;0;0;0;0;0; 
49;4;54;Risk Margin;Risk Margin;;20120630 00:00:00.000;;1;1;0;0;0;0;0;0;0;0; 
49;4;55;Risk Margin;Risk Margin;;20120630 00:00:00.000;;1;1;0;0;0;0;0;0;0;0; 
49;5;0;Begining SCOR IBNR # 1A (Conversion of cedent O/S Loss Reserve);BEG SCOR IBNR1A;;19970930 00:00:00.000;;1;1;2;0;3;0;0;1;0;1; 
49;5;5;Begining SCOR IBNR # 1B (Conversion of uncomplete Paid Claims);BEG SCOR IBNR1B;;19981008 00:00:00.000;;1;1;2;0;3;0;0;0;0;0; 
49;5;10;Begining SCOR IBNR # 2;BEG SCOR IBNR2;;19970930 17:48:25.373;;1;1;2;0;3;0;0;1;0;1; 
49;5;12;Begining SCOR IBNR # 2 GAAP Adj;BEG  IBNR 2 GAAP;;20010904 00:00:00.000;;1;1;2;0;3;0;0;1;0;1; 
49;5;20;Begining ROJA Claims Reserves -AR (Original treaty);BEG ROJA OLR AR;;19970930 17:48:25.773;;1;1;2;0;3;0;0;1;0;1; 
80;0;10;Temporary Technical Account - Deposits;TEMP ACC DEPOSIT;;19970930 17:48:26.780;;1;1;0;0;0;0;0;1;0;1; 
80;0;20;Temporary Technical Account - Withdrawals;TEMP ACC WITHDRA;;19970930 17:48:27.003;;1;1;0;0;0;0;0;1;0;1; 
80;0;30;Temporary Account - Financial assets /Misc. Transactions;TEMP ACC FINANC;;19970930 17:48:27.170;;1;1;0;0;0;0;0;1;0;1; 
80;0;40;Temporary General Accounting Account/Misc. Transactions;TEMP ACC ACCOUN;;19970930 17:48:27.386;;1;1;0;0;0;0;0;1;0;1; 
80;0;50;Temporary Exchange Account;TEMP EXCHANG ACC;;19970930 17:48:27.573;;1;1;0;0;0;0;0;1;0;1; 
80;0;60;Temporary Account - Settlements Dept.;TEMP ACC SETTLT;;19970930 17:48:27.800;;1;1;0;0;0;0;0;1;0;1; 
80;0;70;Subledger internal link;SUBL INTERN LINL;;20031211 00:00:00.000;;1;1;0;0;0;0;0;0;0;0; 
80;1;0;Cedent Current Account;CED CURR ACC;;19970930 17:48:28.580;;1;1;0;0;0;0;0;1;0;1; 
80;1;2;Transfer South America;Transf South Ame;;20070213 00:00:00.000;;1;1;0;0;0;0;0;0;0;0; 
80;1;3;Transfert Inde;TRANSFER INDE;;20071001 00:00:00.000;;1;1;0;0;0;0;0;0;0;0; 
80;1;4;Transfert 1 1 to 2 1 (Q185);Tr 1 1 to 2 1;;20090219 00:00:00.000;;1;1;0;0;0;0;0;0;0;0; 
80;1;5;Transfert 1 1 to 5 1 (Q186);Tr 1 1 to 5 1;;20090219 00:00:00.000;;1;1;0;0;0;0;0;0;0;0; 
80;1;6;Transfert 2 1 to 5 1 (Q169/171);Tr 2 1 to 5 1;;20090219 00:00:00.000;;1;1;0;0;0;0;0;0;0;0; 
80;1;7;Transfert 2 1 to 6 1 (Q170);Tr 2 1 to 6 1;;20090219 00:00:00.000;;1;1;0;0;0;0;0;0;0;0; 
80;1;8;Transfert 2 1 to 10 1 (Q172);Tr 2 1 to 10 1;;20090219 00:00:00.000;;1;1;0;0;0;0;0;0;0;0; 
80;1;9;Transfert 2 1 to 10 12 (Q230);Tr  2 1 to 10 12;;20090219 00:00:00.000;;1;1;0;0;0;0;0;0;0;0; 
80;1;10;Cedent Balance with deferred Due Date;CED BAL DEF DD;;19970930 17:48:28.800;;1;1;0;0;0;0;0;1;0;1; 
80;1;11;Transfert 2 1 to 17 1 (Q173);Tr  2 1 to 17 1;;20090219 00:00:00.000;;1;1;0;0;0;0;0;0;0;0; 
80;1;12;Transfert 2 5 to 6 1 (Q231);Tr  2 5 to 6 1;;20090219 00:00:00.000;;1;1;0;0;0;0;0;0;0;0; 
80;1;13;Transfert 2 1 to 10 12 (Q232);Tr  2 1 to 10 12;;20090219 00:00:00.000;;1;1;0;0;0;0;0;0;0;0; 
80;1;14;Transfert 2 5 to 17 1 (Q233);Tr  2 5 to 17 1;;20090219 00:00:00.000;;1;1;0;0;0;0;0;0;0;0; 
80;1;15;Transfert 5 1 to 17 1 (Q167);Tr  5 1 to 17 1;;20090219 00:00:00.000;;1;1;0;0;0;0;0;0;0;0; 
80;1;16;Transfert 5 10 to 1 2 (Q183);Tr  5 10 to 1 2;;20090219 00:00:00.000;;1;1;0;0;0;0;0;0;0;0; 
80;1;17;Transfert 5 10 to 2 1 (Q162/164);Tr  5 10 to 2 1;;20090219 00:00:00.000;;1;1;0;0;0;0;0;0;0;0; 
80;1;18;Transfert 5 10 to 5 1 (Q161/163/189);Tr  5 10 to 5 1;;20090219 00:00:00.000;;1;1;0;0;0;0;0;0;0;0; 
80;1;19;Transfert 5 10 to 6 1 (Q165);Tr  5 10 to 6 1;;20090219 00:00:00.000;;1;1;0;0;0;0;0;0;0;0; 
80;1;20;Claims to pe paid;CLAIM TO BE PAID;;20030814 00:00:00.000;;1;1;0;0;0;0;0;1;0;1; 
80;1;21;Transfert 5 10 to 17 1 (Q234);Tr  5 10 to 17 1;;20090220 00:00:00.000;;1;1;0;0;0;0;0;0;0;0; 
80;1;22;Transfert 5 10 to 20 1 (Q160);Tr  5 10 to 20 1;;20090220 00:00:00.000;;1;1;0;0;0;0;0;0;0;0; 
80;1;23;Transfert 5 10 to 20 2 (Q235);Tr  5 10 to 20 2;;20090220 00:00:00.000;;1;1;0;0;0;0;0;0;0;0; 
80;1;24;Transfert 5 10 to 20 4 (Q236);Tr  5 10 to 20 4;;20090220 00:00:00.000;;1;1;0;0;0;0;0;0;0;0; 
80;1;25;Transfert 6 1 to 17 1 (Q168);Tr  6 1 to 20 4;;20090220 00:00:00.000;;1;1;0;0;0;0;0;0;0;0; 
80;1;26;Transfert 17 1 to 1 2 (Q184);Tr  17 1 to 1 2;;20090220 00:00:00.000;;1;1;0;0;0;0;0;0;0;0; 
80;1;27;Transfert 17 1 to 2 1 (Q179);Tr  17 1 to 2 1;;20090220 00:00:00.000;;1;1;0;0;0;0;0;0;0;0; 
80;1;28;Transfert 17 1 to 2 2 (Q178);Tr  17 1 to 2 2;;20090220 00:00:00.000;;1;1;0;0;0;0;0;0;0;0; 
80;1;29;Transfert 17 1 to 5 1 (Q176);Tr  17 1 to 5 1;;20090220 00:00:00.000;;1;1;0;0;0;0;0;0;0;0; 
80;1;30;Recovery to receive;RECOVERY TO RECE;;20030814 00:00:00.000;;1;1;0;0;0;0;0;1;0;1; 
80;1;31;Transfert 17 1 to 6 1 (Q177);Tr  17 1 to 6 1;;20090220 00:00:00.000;;1;1;0;0;0;0;0;0;0;0; 
80;1;32;Transfert 17 1 to 10 1 (Q180);Tr  17 1 to 10 1;;20090220 00:00:00.000;;1;1;0;0;0;0;0;0;0;0; 
80;1;33;Transfert 17 1 to 10 12 (Q237);T  17 1 to 10 12;;20090220 00:00:00.000;;1;1;0;0;0;0;0;0;0;0; 
80;1;34;Transfert 17 1 to 11 1 (Q175);Tr  17 1 to 11 1;;20090220 00:00:00.000;;1;1;0;0;0;0;0;0;0;0; 
80;1;35;Transfert 17 1 to 20 1 (Q238);Tr  17 1 to 20 1;;20090220 00:00:00.000;;1;1;0;0;0;0;0;0;0;0; 
80;1;36;Transfert 17 1 to 20 2 (Q174);Tr  17 1 to 20 2;;20090220 00:00:00.000;;1;1;0;0;0;0;0;0;0;0; 
80;1;37;Transfert 1 1 to 1.2;Tr  1 1 to 1 2;;20090220 00:00:00.000;;1;1;0;0;0;0;0;0;0;0; 
80;1;38;Transfert 17 15 to 1 1 (Q239);Tr  17 15 to 1 1;;20090220 00:00:00.000;;1;1;0;0;0;0;0;0;0;0; 
80;1;39;Transfert 17 15 to 2 1 (Q240);Tr  17 15 to 2 1;;20090220 00:00:00.000;;1;1;0;0;0;0;0;0;0;0; 
80;1;40;Transfert 20 11 to 20 1 (Q166);T  20 11 to 20 1;;20090220 00:00:00.000;;1;1;0;0;0;0;0;0;0;0; 
80;1;41;Transfert 20 11 to 20 2 (Q241);T  20 11 to 20 2;;20090220 00:00:00.000;;1;1;0;0;0;0;0;0;0;0; 
80;1;42;Transfert 20 11 to 20 4 (Q181);T  20 11 to 20 4;;20090220 00:00:00.000;;1;1;0;0;0;0;0;0;0;0; 
80;1;43;Transfert 20 12 to 20 1 (Q181);T  20 11 to 20 1;;20090220 00:00:00.000;;1;1;0;0;0;0;0;0;0;0; 
80;1;44;Transfert 20 12 to 20 4 (Q181);T  20 12 to 20 4;;20090220 00:00:00.000;;1;1;0;0;0;0;0;0;0;0; 
80;1;45;Transfert 20 12 to 20 8 (Q242);T  20 12 to 20 8;;20090220 00:00:00.000;;1;1;0;0;0;0;0;0;0;0; 
80;1;46;Transfert 20 13 to 20 1 (Q243);T  20 13 to 20 1;;20090220 00:00:00.000;;1;1;0;0;0;0;0;0;0;0; 
80;1;47;Transfert 20 13 to 20 4 (Q181);T  20 13 to 20 4;;20090220 00:00:00.000;;1;1;0;0;0;0;0;0;0;0; 
80;1;48;Transfert 20 13 to 20 8 (Q243);T  20 13 to 20 8;;20090220 00:00:00.000;;1;1;0;0;0;0;0;0;0;0; 
80;1;49;Transfert 22 1 to 20 1 (Q182);T  22 1to 20 1;;20090220 00:00:00.000;;1;1;0;0;0;0;0;0;0;0; 
80;1;50;Transfert 22 1 to 20 2 (Q182);T  22 1to 20 2;;20090220 00:00:00.000;;1;1;0;0;0;0;0;0;0;0; 
80;1;51;Transfert 22 1 to 20 3 (Q182/188);T  22 1 to 20 3;;20090220 00:00:00.000;;1;1;0;0;0;0;0;0;0;0; 
80;1;52;TR12Q1 AEGL FR to 4/1 (92);Q1AE FR - 4/1 92;;20091215 00:00:00.000;;1;1;0;0;0;0;0;1;0;1; 
80;1;53;TR12Q1 AEGL SP to 4/5 (93);Q1AE SP - 4/5 93;;20091215 00:00:00.000;;1;1;0;0;0;0;0;1;0;1; 
80;1;54;TR12Q1 25/1 to 4/5 (94);Q1 25/1 - 4/5 94;;20091215 00:00:00.000;;1;1;0;0;0;0;0;1;0;1; 
80;1;55;TR12Q1 25/1 to 4/1 (95);Q1 25/1 - 4/1 95;;20091215 00:00:00.000;;1;1;0;0;0;0;0;1;0;1; 
80;1;56;TR12Q1 25/1 to 18/2 (96);Q1 25/1-18/2 96;;20091215 00:00:00.000;;1;1;0;0;1;0;0;1;0;0; 
80;1;57;TR12Q1 14/11 to 4/1 (97);Q1 14/11-4/1 97;;20091215 00:00:00.000;;1;1;0;0;0;0;0;1;0;1; 
80;1;58;TR12Q1 14/11 to 18/2 (98);Q114/11-18/2 98;;20091215 00:00:00.000;;1;1;0;0;1;0;0;1;0;0; 
80;1;59;TR12Q1 AE FR to 19/1 (51);Q1 AEFR-19/1 51;;20091215 00:00:00.000;;1;1;0;0;1;0;0;1;0;0; 
80;1;60;TR12Q1 AE SP to 4/11 (52);Q1 AESP-4/11 52;;20091215 00:00:00.000;;1;1;0;0;0;0;0;1;0;1; 
80;1;61;TR12Q2 25/1 to 4/1 (40);Q2 25/1 - 4/1 40;;20091215 00:00:00.000;;1;1;0;0;0;0;0;1;0;1; 
80;1;62;TR12Q3 AE FR to 19 (41);Q3 AEFR - 19 41;;20091215 00:00:00.000;;1;1;0;0;1;0;0;1;0;0; 
80;1;63;TR12Q3 AE FR to 19/1 (42);Q3 AEFR-19/1 42;;20091215 00:00:00.000;;1;1;0;0;1;0;0;1;0;0; 
80;1;64;TR12Q3 25/1 to 19/1 (43);Q3 25/1-19/1 43;;20091215 00:00:00.000;;1;1;0;0;1;0;0;1;0;0; 
80;1;65;TR12Q3 25/1 to 19 (44);Q3 25/1 - 19 44;;20091215 00:00:00.000;;1;1;0;0;0;0;0;1;0;1; 
80;1;66;TR12Q3 AE SP to 4/5 (45);Q3 AESP - 4/5 45;;20100118 00:00:00.000;;1;1;0;0;0;0;0;1;0;1; 
80;1;67;TR12Q3 AE SP to 4/11 (46);Q3 AESP-4/11 46;;20100118 00:00:00.000;;1;1;0;0;0;0;0;1;0;1; 
80;1;68;TR12Q3 25/1 to 4/5 (47);Q3 25/1 - 4/5 47;;20100528 00:00:00.000;;1;1;0;0;0;0;0;1;0;1; 
80;1;69;TR12Q3 25/1 to 4/1 (48);Q3 25/1 - 4/1 48;;20101215 00:00:00.000;;1;1;0;0;0;0;0;1;0;1; 
80;1;70;TR12Q3 14/11 to 4/1 (49);Q3 14/11-4/1 49;;20110111 00:00:00.000;;1;1;0;0;0;0;0;1;0;1; 
80;1;71;TR12Q2 14/11 to 4/1 (50);14/11 to 4/1 50;;20110111 00:00:00.000;;1;1;0;0;0;0;0;1;0;1; 
80;1;72;Transfert 19/2 to 4/11;T 19/2 to 4/11;;20110111 00:00:00.000;;1;1;0;0;0;0;0;1;0;1; 
80;1;73;Transfert 4/15 to 4/1;T 4/15 to 4/1;;20110111 00:00:00.000;;1;1;0;0;0;0;0;1;0;1; 
80;1;74;Transfert 18/15 to 4/1;T 18/15 to 4/1;;20110111 00:00:00.000;;1;1;0;0;0;0;0;1;0;1; 
80;1;75;Transfert 18/16 to 4/1;T 18/16 to 4/1;;20110111 00:00:00.000;;1;1;0;0;0;0;0;1;0;1; 
80;1;76;Transfert 18/1 to 4/1;T 18/1 to 4/1;;20110111 00:00:00.000;;1;1;0;0;0;0;0;1;0;1; 
80;1;77;Transfert 4/16 to 4/5;T 4/16 to 4/5;;20110111 00:00:00.000;;1;1;0;0;0;0;0;1;0;1; 
80;1;78;Transfert 18/15 to 4/5;T 18/15 to 4/5;;20110111 00:00:00.000;;1;1;0;0;0;0;0;1;0;1; 
80;1;79;Transfert 4/18 to 4/2;T 4/18 to 4/2;;20110111 00:00:00.000;;1;1;0;0;0;0;0;1;0;1; 
80;1;80;Transfert 18/15 to 18/6;T 18/15 to 18/6;;20110111 00:00:00.000;;1;1;0;0;0;0;0;1;0;1; 
80;1;81;Transfert 18/1 to 18/6;T 18/1 to 18/6;;20110111 00:00:00.000;;1;1;0;0;0;0;0;1;0;1; 
80;1;82;Transfert 18/15 to 19/1;T 18/15 to 19/1;;20110111 00:00:00.000;;1;1;0;0;0;0;0;1;0;1; 
80;1;83;Transfert 4/1 to 19/1;T 4/1 to 19/1;;20110111 00:00:00.000;;1;1;0;0;0;0;0;1;0;1; 
80;1;84;Transfert 18/2 SAP to 18/2 Branch;T18/2 to 18/2;;20110526 00:00:00.000;;1;1;0;0;1;0;0;1;0;0; 
80;1;85;Transfert 18/15 to 18/2;T18/15 to 18/2;;20110617 00:00:00.000;;1;1;0;0;1;0;0;1;0;0; 
80;1;86;Transfert 14/11 to 20/14 (Q53);14/11to20/14 53;;20121126 00:00:00.000;;1;1;0;0;1;0;0;1;0;0; 
80;1;87;Transfert  14/11 to 20/6 (Q55);14/11to20/6 55;;20121126 00:00:00.000;;1;1;0;0;1;0;0;1;0;0; 
80;1;88;Transfert 14/13 to 20/14 (Q56);14/13to20/14 56;;20121126 00:00:00.000;;1;1;0;0;1;0;0;1;0;0; 
80;1;89;Transfert 26/4 to 19/1 (Q41);26/4 to 19/1 41;;20121127 00:00:00.000;;1;1;0;0;1;0;0;1;0;0; 
80;1;90;Transfert 26/4 to 19/2 (Q41);26/4 to 19/2 41;;20121127 00:00:00.000;;1;1;0;0;1;0;0;1;0;0; 
80;1;91;Transfert 26/4 to 19/1 (Q42);26/4 to 19/1 42;;20121127 00:00:00.000;;1;1;0;0;1;0;0;1;0;0; 
80;1;92;Transfert  25/1 to 19/1 (Q43);25/1 to 19/1 43;;20121127 00:00:00.000;;1;1;0;0;1;0;0;1;0;0; 
80;1;93;Transfert 25/1 to 19/1 (Q44);25/1 to 19/1 44;;20121127 00:00:00.000;;1;1;0;0;1;0;0;1;0;0; 
80;1;94;Transfert 25/1 to 19/2 (Q44);25/1 to 19/2 44;;20121127 00:00:00.000;;1;1;0;0;1;0;0;1;0;0; 
80;1;95;TR12Q4 14/11 to 4/1 (Q57);14/11 to 4/1 57;;20130211 00:00:00.000;;1;1;0;0;0;0;0;1;0;1; 
80;1;96;Not Used;Not Used;;20130228 00:00:00.000;;1;1;0;0;0;0;0;1;0;0; 
80;2;0;Retrocessionaire Current Account;RETRO CURR ACC;;19970930 17:48:29.386;;1;1;0;0;0;0;0;1;0;1; 
80;2;10;Retrocessionaire Balance with deferred Due Date;RETRO BAL DEF DD;;19970930 17:48:29.580;;1;1;0;0;0;0;0;1;0;1; 
80;3;0;Acceptance Temporary Technical Account;A. TEMP TECH ACC;;19970930 17:48:29.983;;1;1;0;0;0;0;0;1;0;1; 
80;3;2;Agents Balances - Direct;Agents Balances;;20050811 00:00:00.000;;1;1;0;0;0;0;0;1;0;0; 
80;3;3;Losses Payabes - Direct;Losses Payables;;20050811 00:00:00.000;;1;1;0;0;0;0;0;1;0;0; 
80;4;0;Retrocession Temporary Technical Account;R. TEMP TECH ACC;;19970930 17:48:30.396;;1;1;0;0;0;0;0;1;0;1; 
80;5;0;Branch Current Accounts;BRANCH CURR ACC;;19970930 17:48:30.780;;1;1;0;0;0;0;0;1;0;1; 
80;6;0;Broker Accounts;BROKER ACC;;19970930 17:48:31.173;;1;1;0;0;0;0;0;1;0;1; 
80;7;0;Tax Administration;TAX ADMIN.;;19970930 17:48:31.590;;1;1;0;0;0;0;0;1;0;1; 
80;7;10;US FET Tax Administration;US FET TAX;;19970930 17:47:14.190;;1;1;0;0;0;0;0;1;0;1; 
81;0;0;Actuary Reserves deposits (Ending);END LAR DEPOS;;19970930 17:48:31.973;;1;1;1;0;4;0;0;1;1;1; 
81;1;0;Actuary reserves deposit (Begining);BEG LAR DEPOS;;19970930 17:48:32.376;;1;1;2;0;4;0;0;1;0;1; 
81;2;0;Premium reserves deposit (Ending);END PREM RES DEP;;19970930 17:48:32.776;;1;1;1;0;4;0;0;1;1;1; 
81;3;0;Premium reserves deposit (Begining);BEG PREM RES DEP;;19970930 17:48:33.173;;1;1;2;0;4;0;0;1;0;1; 
81;4;0;Claim Reserve deposits (Ending);END CL RES DEPOS;;19970930 17:48:33.576;;1;1;1;0;4;0;0;1;1;1; 
81;4;10;Annuity Reserve deposits (Ending);END AN RES DEPOS;;19970930 17:48:33.770;;1;1;1;0;4;0;0;1;1;1; 
81;4;20;IBNR deposits (Ending);END IBNR DEPOS;;19970930 17:48:33.976;;1;1;1;0;4;0;0;1;1;1; 
81;4;30;Policy loans (Ending);END POLICY LOANS;;20010627 00:00:00.000;;1;1;1;0;4;0;0;1;1;1; 
81;5;0;Claim Reserve deposits (Begining);BEG CL RES DEPOS;;19970930 17:48:34.370;;1;1;2;0;4;0;0;1;0;1; 
81;5;10;Annuity Reserve deposits (Begining);BEG AN RES DEPOS;;19970930 17:48:34.573;;1;1;2;0;4;0;0;1;0;1; 
81;5;20;IBNR deposits (Begining);BEG IBNR DEPOS;;19970930 17:48:34.773;;1;1;2;0;4;0;0;1;0;1; 
81;5;30;Policy Loans (Begining);BEG POLICY LOANS;;20010627 00:00:00.000;;1;1;2;0;4;0;0;1;0;1; 
81;6;0;Investment Funds Held (Ending);Inv Funds Held E;;20080606 00:00:00.000;;1;1;1;0;4;0;0;1;1;1; 
81;6;10;ZFS QS Fundsheld (Ending);ZFS QS Funds End;;20080607 00:00:00.000;;1;1;0;0;0;0;0;0;0;0; 
81;6;20;Deposit on Non Risk Transfer (Ending);Deposit NRT End;;20080607 00:00:00.000;;1;1;1;0;4;0;0;1;0;0; 
81;6;30;Charges on Deposit contracts (Ending);Deposit NRT C En;;20090401 00:00:00.000;;1;1;0;0;4;0;0;1;0;0; 
81;6;40;Losses Settled on Deposit contracts (Ending);Deposit NRT L En;;20090416 00:00:00.000;;1;1;0;0;4;0;0;1;0;0; 
81;7;0;Investment Funds Held (Release);Inv Funds Held R;;20080607 00:00:00.000;;1;1;2;0;4;0;0;1;0;1; 
81;7;10;ZFS QS Fundsheld (Begining);ZFS QS Funds Beg;;20080607 00:00:00.000;;1;1;0;0;0;0;0;0;0;0; 
81;7;20;Deposit on Non Risk Transfer (Begining);Deposit NRT Beg;;20080607 00:00:00.000;;1;1;2;0;4;0;0;1;0;0; 
81;7;30;Charges on Deposit contracts (Begining);Charg Dep Cont B;;20090416 00:00:00.000;;1;1;0;0;4;0;0;1;0;0; 
81;7;40;Losses Settled on Deposit contracts (Begining);Loss Dep Cont B;;20090416 00:00:00.000;;1;1;0;0;4;0;0;1;0;0; 
82;0;0;Interest on Reserve deposits (Ann IFRS);Int on Reser;;20090316 00:00:00.000;;1;1;2;0;1;0;0;1;0;1; 
82;1;0;Interest on premium reserves deposits;INT/PREM RES DEP;;19970930 17:48:35.173;;1;1;2;0;1;0;0;1;0;1; 
82;1;78;Transfert 18/15 to 4/5;T 18/15 to 4/5;;20110111 00:00:00.000;;1;1;0;0;1;0;0;1;0;0; 
82;1;79;Transfert 4/18 to 4/2;T 4/18 to 4/2;;20110111 00:00:00.000;;1;1;0;0;1;0;0;1;0;0; 
82;1;80;Transfert 18/15 to 18/6;T 18/15 to 18/6;;20110111 00:00:00.000;;1;1;0;0;1;0;0;1;0;0; 
82;1;81;Transfert 18/1 to 18/6;T 18/1 to 18/6;;20110111 00:00:00.000;;1;1;0;0;1;0;0;1;0;0; 
82;1;90;Interest (Transfer subsidiaries);interest-Transf;;20100118 00:00:00.000;;1;1;2;0;1;0;0;1;0;1; 
82;2;0;Interest on Claims Reserves deposits;INT/CL RES DEPOS;;19970930 17:48:35.986;;1;1;2;0;1;0;0;1;0;1; 
82;2;10;Interest on Annuity Reserves deposits;INT/AN RES DEPOS;;19970930 17:48:36.376;;1;1;2;0;1;0;0;1;0;1; 
82;2;20;Interest on IBNR deposits;INT/IBNR DEPOS;;19970930 17:48:36.960;;1;1;2;0;1;0;0;1;0;1; 
82;2;30;Interest on Policy loans;INT/POLICY LOANS;;20010904 00:00:00.000;;1;1;2;0;1;0;0;1;0;1; 
82;2;40;UL Interest Credited;UL INT/CRE;;20120713 00:00:00.000;;1;1;2;0;1;0;0;1;0;1; 
82;2;82;Transfert 18/15 to 19/1;T 18/15 to 19/1;;20110111 00:00:00.000;;1;1;0;0;1;0;0;1;0;0; 
82;2;83;Transfert 4/1 to 19/1;T 4/1 to 19/1;;20110111 00:00:00.000;;1;1;0;0;1;0;0;1;0;0; 
82;3;0;Other Technical Income - Non Risk Transfer;Oth Tech Inc NRT;;20080606 00:00:00.000;;1;1;2;0;1;0;0;1;0;1; 
82;3;10;Other Technical Expense - Non Risk Transfer;Oth Tech Exp NRT;;20080606 00:00:00.000;;1;1;1;0;1;0;0;1;0;1; 
82;3;20;Investment Income - Non Risk Transfer;Inv Inc NRT;;20080606 00:00:00.000;;1;1;2;0;1;0;0;1;0;1; 
82;3;30;Lloyds Income;Llyods Income;;20090526 00:00:00.000;;1;1;0;0;0;0;0;0;0;0; 
82;4;0;LOC Cost;LOC Cost;;20080606 00:00:00.000;;1;1;0;0;0;0;0;0;0;0; 
82;4;10;Loyds Expenses;Loyds Expenses;;20081023 00:00:00.000;;1;1;0;0;0;0;0;0;0;0; 
83;0;0;Taxes on Interest - Reserve deposits (Ann IFRS);Taxes on Interes;;20090316 00:00:00.000;;1;1;2;0;1;0;0;1;0;1; 
83;1;0;Taxes on Interest on premium reserves deposits;TAX/INT/PR R DEP;;19970930 17:48:37.376;;1;1;2;0;1;0;0;1;0;1; 
83;2;0;Taxes on Interest on Claims Reserves deposits;TAX/INT/CL R DEP;;19970930 17:48:37.773;;1;1;2;0;1;0;0;1;0;1; 
83;2;10;Taxes on Interest on Annuity Reserves deposits;TAX/INT/AN R DEP;;19970930 17:48:37.973;;1;1;2;0;1;0;0;1;0;1; 
83;2;20;Taxes on Interest on IBNR deposits;TAX/INT/IBNR DEP;;19970930 17:48:38.180;;1;1;2;0;1;0;0;1;0;1; 
84;1;0;Ending Cash Calls;END CASH CALLS;;19970930 17:48:38.576;;1;1;1;0;4;0;0;1;0;1; 
84;2;0;Begining Cash Calls;BEG CASH CALLS;;19970930 17:48:38.970;;1;1;2;0;4;0;0;1;0;1; 
85;1;0;Ending Deposit on Account to be Received;END DEP/ACC TBR;;19970930 17:48:39.373;;1;1;0;0;4;0;0;0;0;0; 
85;2;0;Begining Deposit on Account to be Received;BEG DEP/ACC TBR;;19970930 17:48:39.773;;1;1;0;0;4;0;0;0;0;0; 
90;0;0;Profit and Losses;Profit and Losse;;20120422 00:00:00.000;;1;1;0;0;0;0;0;0;0;0; 
90;1;0;Exchange Profits  UPR deposits;EXCH PROF UPR DP;;19970930 17:48:40.170;;1;1;0;0;0;0;0;0;0;0; 
90;1;10;Exchange Losses UPR deposits;EXCH LOSS UPR DP;;19970930 17:48:40.370;;1;1;0;0;0;0;0;0;0;0; 
90;2;0;Exchange Profits Claim Reserves deposits;EXCH PROF OLR DP;;19970930 17:48:40.776;;1;1;0;0;0;0;0;0;0;0; 
90;2;10;Exchange Losses Claim Reserves deposits;EXCH LOSS OLR DP;;19970930 17:48:40.973;;1;1;0;0;0;0;0;0;0;0; 
90;2;20;Exchange Profits  Annuity Reserves deposits;EXCH PROF ANR DP;;19970930 17:48:41.170;;1;1;0;0;0;0;0;0;0;0; 
90;2;30;Exchange Losses Annuity Reserves deposits;EXCH LOSS ANR DP;;19970930 17:48:41.376;;1;1;0;0;0;0;0;0;0;0; 
90;2;40;Exchange Profits on IBNR deposits;EXCH PROF IBNR D;;19970930 17:48:41.576;;1;1;0;0;0;0;0;0;0;0; 
90;2;50;Exchange Losses on IBNR deposits;EXCH LOSS IBNR D;;19970930 17:48:41.773;;1;1;0;0;0;0;0;0;0;0; 
90;3;0;Interest Paid on Current Accounts;INT PAID/CUR ACC;;19970930 17:48:42.173;;1;1;1;0;1;0;0;1;0;1; 
90;3;10;Interest Received on Current Accounts;INT REC/CUR ACC;;19970930 17:48:42.373;;1;1;2;0;1;0;0;1;0;1; 
90;3;20;Interest Paid on Technical Balances;INT PAID/TEC ACC;;19970930 17:48:42.576;;1;1;1;0;1;0;0;1;0;1; 
90;3;30;Interest Received on Technical Balances;INT REC/TEC ACC;;19970930 17:48:42.773;;1;1;2;0;1;0;0;1;0;1; 
90;4;0;Taxes Paid on Interests on Current Accounts;TAX/INT/CUR ACC;;19970930 17:48:43.176;;1;1;0;0;0;0;0;0;0;0; 
90;4;10;Taxes Paid on Interests on Technical Balances;TAX/INT/TEC ACC;;19970930 17:48:43.370;;1;1;0;0;1;0;0;1;0;1; 
90;7;0;Bad Debts Provision;Bad Debts Provis;;20080607 00:00:00.000;;1;1;0;0;0;0;0;0;0;0; 
90;8;0;Doubful receivable accounts written off;LOSS/DOUBTF REC;;19970930 17:48:43.776;;1;1;0;0;0;0;0;0;0;0; 
90;8;10;Receivable or payable written off (Loss);LOSS WRITE OFF;;19970930 17:48:43.970;;1;1;0;0;0;0;0;0;0;0; 
90;8;20;Receivable or payable written off (profit);PROFIT WRITE OFF;;19970930 17:48:44.170;;1;1;0;0;0;0;0;0;0;0; 
90;8;30;Loss - Expenses on Transaction;LOSS EXP/TRANSAC;;19970930 17:48:44.380;;1;1;0;0;0;0;0;0;0;0; 
90;8;40;Profit - Gain on Transaction;PROF GAIN/TRANSA;;19970930 17:48:44.573;;1;1;0;0;0;0;0;0;0;0; 
90;8;50;Technical sundry losses - small differences;TECH SUNDRY LOSS;;19970930 00:00:00.000;;1;1;0;0;0;0;0;0;0;0; 
90;8;60;Technical sundry profits - small differences;TECH SUNDRY PROF;;19970930 00:00:00.000;;1;1;2;0;1;0;0;1;0;1; 
90;8;70;Settlement sundry losses - small differences;SETL SUNDRY LOSS;;20000529 00:00:00.000;;1;1;0;0;0;0;0;0;0;0; 
90;8;80;Settlement sundry profits - small differences;SETL SUNDRY PROF;;20000529 00:00:00.000;;1;1;0;0;0;0;0;0;0;0; 
90;8;90;Right off - conversion;RIGHT OFF CONVER;;20031211 00:00:00.000;;1;1;0;0;0;0;0;0;0;0; 
43;2;10;Ending VOBA historical ;END VOBA HIS;;20150501;;1;1;2;0;3;0;0;1;1;1; 
43;2;20;Ending VOBA amortization ;END VOBA AM ;;20150501;;1;1;2;0;3;0;0;1;1;1; 
43;5;10;Beginning VOBA historical ;BEG VOBA HIS;;20150501;;1;1;1;0;3;0;0;1;0;1; 
43;5;20;Beginning VOBA amortization ;BEG VOBA AM ;;20150501;;1;1;1;0;3;0;0;1;0;1; 
43;8;10;Ending DAC historical ;END DAC HIS;;20150501;;1;1;2;0;3;0;0;1;1;1; 
43;8;20;Ending DAC amortization ;END DAC AM ;;20150501;;1;1;2;0;3;0;0;1;1;1; 
43;9;10;Beginning DAC historical ;BEG DAC HIS;;20150501;;1;1;1;0;3;0;0;1;0;1; 
43;9;20;Beginning DAC amortization ;BEG DAC AM ;;20150501;;1;1;1;0;3;0;0;1;0;1; 
43;3;13;Ending Regular DAC historical ;END REG DAC HIS;;20150501;;1;1;2;0;3;0;0;1;1;1; 
43;3;23;Ending Regular DAC amortization ;END REG DAC AM ;;20150501;;1;1;2;0;3;0;0;1;1;1; 
43;4;3;Beginning Regular DAC net ;BEG REG DAC NET ;;20150501;;1;1;1;0;3;0;0;1;0;1; 
43;4;13;Beginning Regular DAC historical ;BEG REG DAC HIS;;20150501;;1;1;1;0;3;0;0;1;0;1; 
43;4;23;Beginning Regular DAC amortization ;BEG REG DAC AM ;;20150501;;1;1;1;0;3;0;0;1;0;1; 
43;3;14;Ending TMDM DAC historical ;END TMDM DAC HIS;;20150501;;1;1;2;0;3;0;0;1;1;1; 
43;3;24;Ending TMDM DAC amortization ;END TMDM DAC AM ;;20150501;;1;1;2;0;3;0;0;1;1;1; 
43;4;4;Beginning TMDM DAC net ;BEG TMDM DAC NET ;;20150501;;1;1;1;0;3;0;0;1;0;1; 
43;4;14;Beginning TMDM DAC historical ;BEG TMDM DAC HIS;;20150501;;1;1;1;0;3;0;0;1;0;1; 
43;4;24;Beginning TMDM DAC amortization ;BEG TMDM DAC AM ;;20150501;;1;1;1;0;3;0;0;1;0;1; 
10;0;81;Bad Debt Premium / Commission SII;PR / COM BDT SII;;20140218 19:26:10.76;;0;0;0;0;0;0;0;0;0;0; 
10;0;82;Bad Debt Premium / Commission GIM;PR / COM BDT GIM;;20140218 19:26:10.76;;0;0;0;0;0;0;0;0;0;0; 
10;0;83;Bad Debt Premium / Commission IFRS;PR / COM BDT IFR;;20140218 19:26:10.76;;0;0;0;0;0;0;0;0;0;0; 
10;0;84;Bad Debt Premium / Commission EV;PR / COM BDT EV;;20140218 19:26:10.76;;0;0;0;0;0;0;0;0;0;0; 
10;0;85;Bad Debt Premium / Commission No5;PR / COM BDT No5;;20140218 19:26:10.76;;0;0;0;0;0;0;0;0;0;0; 
